subject,dep2
1,18
2,23
3,14
4,23
5,10
6,11.53999996
7,13
8,27
9,24
10,12
11,-9
12,13
13,22
14,13
15,-9
16,-9
17,13
18,7
19,15
20,8
21,18
22,21
23,-9
24,21
25,19
26,4
27,-9
28,12
29,17
30,12.27000046
31,14
32,16
33,5
34,7
35,1
36,7
37,8
38,6
39,27
40,12
41,10
42,26
43,9
44,7
45,13
46,15
47,18
48,17.56999969
49,2
50,8
51,24
52,6
53,18
54,13
55,10
56,-9
57,2
58,9
59,-9
60,12
61,-9
