subject,dep6
32,8
33,2
34,6
35,1
36,2
37,4.96999979
38,6
39,23
40,6
41,11
42,-9
43,7
44,3
45,-9
46,11
47,6
48,6.5
49,2
50,3
51,12.31999969
52,1
53,10
54,5
55,6.789999962
56,-9
57,3
58,4
59,-9
60,-9
61,-9
