subject,dep3
1,15
2,18
3,-9
4,17
6,9
7,9
8,-9
9,19
10,15
11,-9
12,14
13,-9
14,-9
15,-9
16,-9
17,22
18,8
19,20
20,12
21,16
22,17
24,17
25,-9
26,4.190000057
27,-9
28,9
29,15
30,10
31,13
32,11
33,3
134,7
35,1
136,3
37,6
38,4
39,24
40,15
41,7
42,-9
43,9
44,5
45,-9
46,11
47,16
48,12
49,1
50,6
51,18
52,2
53,10
54,9
55,8.890000343
56,-9
58,10
59,-9
60,15
61,-9
