subject,dep6
1,15
2,10
3,-9
4,12
5,5
6,5.050000191
7,7
8,-9
9,9
10,20
11,-9
12,11
13,-9
14,-9
15,-9
16,-9
17,13
18,6
19,13.72999954
20,12
21,15
22,18
23,-9
24,10
25,-9
26,3.450000048
27,-9
28,6
29,7
30,5.960000038
31,15
