subject,group,pre,dep1
32,1,15,15
33,1,17,9
34,1,20,7
35,1,18,8
36,1,28,11
37,1,21,7
38,1,18,8
39,1,27.45999908,22
40,1,19,14
41,1,20,13
42,1,16,17
43,1,21,19
44,1,23,11
45,1,23,16
46,1,24,16
47,1,25,20
48,1,22,15
49,1,20,7
50,1,20,12.13000011
51,1,25,15
52,1,18,17
53,1,26,1
54,1,20,27
55,1,17,20
56,1,22,12
57,1,22,15.38000011
58,1,23,11
59,1,17,15
60,1,22,7
61,1,26,24
